INSERT INTO [JustRentIt.Neighborhood] VALUES
('NGH000001','College Park',9,426,37,389,40,20,70),
('NGH000002','Greenbelt',5,261,17,226,30,35,87),
('NGH000003','Adelphi',8,394,28,391,47,56,80),
('NGH000004','Riverdale Park',2,408,24,392,58,47,79);

INSERT INTO [JustRentIt.Apartment] VALUES
('APT000001','NGH000001','Alloy by Alta','8446853293','4700 Berwyn House Rd, College Park, MD 20740','www.AlloybyAlta.com','2016-09-22',0.40,3.4),
('APT000002','NGH000002','Monument Village at College Park','2024077556','8010 Greenbelt Station Pky, Greenbelt, MD 20770','www.MonumentVillageatCollegePark.com','2019-02-02',1.60,4.6),
('APT000003','NGH000001','8830 Piney Branch Rd Unit 409','2026645395','9310 Cherry Hill Rd, College Park, MD 20740','www.883PineyBranchRdUnit49.com','2017-12-22',2.50,4.9),
('APT000004','NGH000001','4611-4613 Calvert Rd','2028036325','10209 Baltimore Ave, College Park, MD 20740','www.4611-4613CalvertRd.com','2017-08-25',2.20,3.5),
('APT000005','NGH000002','8316 14th Ave Unit 302','2402935507','6220 Springhill Dr, Greenbelt, MD 20770','www.831614thAveUnit32.com','2019-04-16',3.10,5.0),
('APT000006','NGH000004','Hamilton Manor','2403983334','6400 Riverdale Rd, Riverdale, MD 20737','www.HamiltonManor.com','2016-06-06',2.80,2.5),
('APT000007','NGH000003','Courtyard Park Apartments','2406966641','1818 Metzerott Rd, Adelphi, MD 20783','www.CourtyardParkApartments.com','2015-12-16',2.20,4.0),
('APT000008','NGH000001','Belcrest Plaza Apartments','2407058243','8125 48Th Ave, College Park, MD 20740','www.BelcrestPlazaApartments.com','2016-11-19',0.40,3.6),
('APT000009','NGH000001','The Delano','2407644404','9350 Baltimore Ave, College Park, MD 20740','www.TheDelano.com','2016-06-01',1.40,4.5),
('APT000010','NGH000003','Westchester Tower Apartment Homes','3013281230','1811 Metzerott Rd, Adelphi, MD 20783','www.WestchesterTowerApartmentHom.com','2016-05-19',2.00,4.6),
('APT000011','NGH000003','3350 At Alterra','3016370046','9408 Adelphi Rd, Adelphi, MD 20783','www.335AtAlterra.com','2016-08-29',2.10,4.8),
('APT000012','NGH000004','Daniels Run','3016644813','5309 Riverdale Rd, Riverdale, MD 20737','www.Daniels Run.com','2017-09-09',2.50,3.6),
('APT000013','NGH000001','5042 38th St Unit 1','3016838179','4800 Berwyn House Rd, College Park, MD 20740','www.54238thStUnit1.com','2017-03-08',0.60,3.3),
('APT000014','NGH000001','5042 38th St Unit 2','3018418372','9123 Baltimore Ave, College Park, MD 20740','www.54238thStUnit2.com','2016-03-16',0.60,4.1),
('APT000015','NGH000001','7333 New Hampshire Ave Unit 917','3018614172','6200 Westchester Park Dr, College Park, MD 20740','www.7333NewHampshireAveUnit917.com','2018-10-16',3.00,2.6),
('APT000016','NGH000001','7333 New Hampshire Ave Unit 603','4109216585','College Park, MD 20740','www.7333NewHampshireAveUnit63.com','2017-08-29',0.70,2.8),
('APT000017','NGH000003','7333 New Hampshire Ave Unit 1200','4432672340','1801 Jasmine Ter, Adelphi, MD 20783','www.7333NewHampshireAveUnit12.com','2018-05-19',1.50,4.6),
('APT000018','NGH000001','4222 Jefferson St Unit Cottage','7028323783','9600 Milestone Way, College Park, MD 20740','www.4222JeffersonStUnitCottage.com','2018-11-23',2.20,4.9),
('APT000019','NGH000004','22 Seek Ct','7813994293','5409 Riverdale Rd, Riverdale, MD 20737','www.22SeekCt.com','2017-10-20',2.40,3.6);

INSERT INTO [JustRentIt.Renter] VALUES
('RNT000001','Colin','Mitchell','7881014370','Quisque@lorem.net','Student'),
('RNT000002','Christian','Mccoy','8501708803','dui.Suspendisse.ac@dolor.com','Student'),
('RNT000003','Seth','Rowe','2438986547','vitae.orci.Phasellus@Duis.ca','Student'),
('RNT000004','Ivan','Witt','1781156915','a.mi@lectusa.com','Student'),
('RNT000005','Carolyn','Haynes','4658235386','augue@Crasloremlorem.ca','Student'),
('RNT000006','Sharon','Huber','6659672617','eleifend.vitae.erat@Suspendisseeleifend.edu','Student'),
('RNT000007','Brody','Odom','6024293565','Pellentesque@consequatauctornunc.edu','Student'),
('RNT000008','Megan','Kirkland','8339117855','imperdiet.nec.leo@luctusaliquet.co.uk','Student'),
('RNT000009','Aurora','Watkins','7208717182','ipsum@egetvarius.net','Student'),
('RNT000010','Kyra','Wooten','1125199182','lobortis.nisi@mauris.ca','Student'),
('RNT000011','Nevada','Donovan','2165669848','non.lorem@malesuadavel.edu','Student'),
('RNT000012','Lars','Matthews','3785258272','pede.ultrices.a@Class.org','Student'),
('RNT000013','Reed','Reese','1786940139','nec@ut.ca','Student'),
('RNT000014','Darius','Savage','7875780178','lobortis@lobortis.net','Student'),
('RNT000015','Pandora','Sampson','1741430820','ultrices@arcueuodio.org','Student'),
('RNT000016','Jade','Frost','1035714026','nostra@inceptoshymenaeos.net','Student'),
('RNT000017','Reed','Barry','8203676647','aliquet.molestie@Mauris.ca','Student'),
('RNT000018','Nathan','Boyd','9263049736','mauris.Morbi@enimSed.com','Student'),
('RNT000019','Forrest','Dyer','2258139582','Duis@non.ca','Student'),
('RNT000020','Chadwick','Thompson','2701096022','in@dolor.co.uk','Student'),
('RNT000021','Thaddeus','Guerrero','1128247932','sem.molestie@Sedeget.com','Student'),
('RNT000022','Chiquita','Charles','4834172011','sollicitudin.orci.sem@massa.com','Student'),
('RNT000023','Malcolm','Mclaughlin','2193868720','tincidunt.dui@Namporttitorscelerisque.edu','Student'),
('RNT000024','Sloane','Potts','9355167939','egestas.Duis.ac@Morbisit.co.uk','Student'),
('RNT000025','Steel','Oneil','3953673071','Aliquam.fringilla@massa.ca','Student'),
('RNT000026','Ulric','Whitaker','1868714091','adipiscing.lobortis@maurisipsumporta.edu','Student'),
('RNT000027','Marah','Faulkner','4411839990','elementum@nislelementum.edu','Student'),
('RNT000028','Emmanuel','Mcbride','2395423195','lectus.justo@vitae.edu','Student'),
('RNT000029','Walter','Forbes','9638662649','Sed@urnanec.co.uk','Student'),
('RNT000030','Victor','Crane','7088648832','ultrices.iaculis.odio@ultrices.org','Student'),
('RNT000031','Gisela','Mcgowan','9882825592','laoreet.ipsum@neque.edu','Student'),
('RNT000032','Keelie','Fox','4196699923','felis.ullamcorper.viverra@Donectempor.com','Student'),
('RNT000033','Hammett','Ray','6906467601','nec.urna@Nulla.ca','Student'),
('RNT000034','Avram','Salinas','8459450831','sollicitudin.orci.sem@metusIn.com','Student'),
('RNT000035','Bethany','Powell','2892972476','ipsum.primis.in@SuspendissesagittisNullam.edu','Student'),
('RNT000036','Isaiah','Snider','3426887890','bibendum.sed@neque.ca','Student'),
('RNT000037','Anthony','Glass','2947825610','scelerisque.sed@Phasellusin.org','Student'),
('RNT000038','Robin','Jarvis','4317214664','blandit.Nam@elit.ca','Student'),
('RNT000039','Stacy','Estes','2257450538','tortor.nibh@rhoncusid.ca','Student'),
('RNT000040','Lionel','Dotson','8379191221','cursus.luctus@purus.edu','Student'),
('RNT000041','Lucius','Bush','5291519796','feugiat.Sed.nec@vestibulum.com','Student'),
('RNT000042','Dorothy','Kaufman','1181138835','sed.est@nonegestas.edu','Student'),
('RNT000043','Alexander','Woodard','5048893213','egestas.a@ametultricies.org','Student'),
('RNT000044','Nissim','Livingston','6978298803','Cras.sed@venenatisvel.com','Student'),
('RNT000045','Jermaine','Thompson','1146350232','malesuada.Integer@ipsumSuspendisse.edu','Student'),
('RNT000046','Christian','Bradley','9051663093','Praesent@at.net','Student'),
('RNT000047','Bruce','Hodge','5679264153','ac@vitaeposuere.ca','Student'),
('RNT000048','Aimee','Knight','8408804812','diam@pharetraQuisque.net','Student'),
('RNT000049','Quynn','Lindsay','5216730592','Donec.consectetuer@perconubia.ca','Student'),
('RNT000050','Denton','Morrow','8059303622','euismod.et@mi.edu','Student'),
('RNT000051','Laura','Mathis','4356773894','Sed@ipsumdolor.edu','Student'),
('RNT000052','Vielka','Mercado','6727404226','In.faucibus.Morbi@erategetipsum.co.uk','Student'),
('RNT000053','Aurora','Christensen','9193989522','sapien.Nunc@enim.com','Student'),
('RNT000054','Kirk','Dorsey','9582462927','id.risus@maurisipsum.org','Student'),
('RNT000055','Kendall','Mckay','9861991686','In.scelerisque.scelerisque@vitaeodio.com','Student'),
('RNT000056','Minerva','Burnett','1473600807','lorem.vitae@risusaultricies.net','Student'),
('RNT000057','Nerea','Avery','8345070468','dictum.Proin.eget@tincidunt.edu','Student'),
('RNT000058','Jack','Salinas','1668138667','ac@vitae.com','Student'),
('RNT000059','Nelle','Harper','4649263839','quis@quamCurabiturvel.com','Student'),
('RNT000060','Erica','Sanders','2989302185','mauris@ascelerisquesed.net','Student'),
('RNT000061','Flavia','Charles','8912067663','aliquet.vel@risus.ca','Student'),
('RNT000062','Zoe','Ellis','4638917514','imperdiet.ornare@nisimagnased.org','Student'),
('RNT000063','Troy','Landry','9174452704','neque.non@luctus.ca','Student'),
('RNT000064','Daphne','Griffin','5292450211','malesuada.fringilla.est@fringillaeuismod.ca','Student'),
('RNT000065','Melissa','Richmond','8437364046','scelerisque@quis.com','Student'),
('RNT000066','Seth','Ingram','6922190013','pede@elementum.com','Student'),
('RNT000067','Preston','Guerra','3167015387','lectus.ante.dictum@enimmitempor.co.uk','Student'),
('RNT000068','Cade','Michael','7786338982','neque@utpharetrased.org','Student'),
('RNT000069','Joel','Whitfield','3858823261','ad.litora.torquent@adipiscing.net','Student'),
('RNT000070','Flynn','Murphy','5093281531','massa.Integer@eleifendnuncrisus.com','Student'),
('RNT000071','Grady','Martinez','3701090958','nec@Integer.org','Student'),
('RNT000072','Rogan','Wyatt','6376352169','Fusce.diam.nunc@velarcuCurabitur.net','Student'),
('RNT000073','Valentine','Shepard','2771139539','malesuada.malesuada@ipsum.net','Student'),
('RNT000074','Minerva','Keith','7268672191','Nunc@morbitristiquesenectus.com','Student'),
('RNT000075','Shoshana','Underwood','6587743187','felis@indolorFusce.net','Student'),
('RNT000076','Clarke','Rhodes','9894736806','eu@elit.net','Student'),
('RNT000077','Amethyst','Morrison','6116593368','adipiscing.lacus@ametnulla.ca','Student'),
('RNT000078','Wade','Lindsey','4145891588','Mauris@etmagnisdis.ca','Student'),
('RNT000079','Yoshi','Ellison','5001273198','erat@molestie.co.uk','Student'),
('RNT000080','Rosalyn','Thornton','3817641911','Integer.tincidunt.aliquam@SednequeSed.com','Student'),
('RNT000081','Vance','Stein','2394302557','libero@nonmassanon.edu','Student'),
('RNT000082','Eliana','Mckenzie','9327166995','rhoncus.Proin@aauctor.com','Student'),
('RNT000083','Dexter','Stanton','8266910508','dolor@Duis.org','Student'),
('RNT000084','Wynne','Perkins','7757000487','arcu@Maurismagna.edu','Student'),
('RNT000085','Dieter','Armstrong','3308703321','eu@metus.com','Student'),
('RNT000086','Eagan','Giles','1172638406','eleifend.egestas.Sed@rutrumloremac.edu','Student'),
('RNT000087','Ciaran','Lamb','5114561705','ridiculus@doloregestasrhoncus.co.uk','Student'),
('RNT000088','Ferdinand','Moody','8509790426','venenatis@asollicitudin.co.uk','Student'),
('RNT000089','Jordan','Salazar','7768898955','fringilla@variusorciin.com','Student'),
('RNT000090','Warren','Boyle','6756916819','non@feugiatSed.org','Student'),
('RNT000091','Charissa','Craft','7845706280','eget@sociis.co.uk','Employed'),
('RNT000092','Martin','Stokes','8114597952','odio.auctor.vitae@etnunc.net','Employed'),
('RNT000093','Marny','Roy','8373637112','Donec.non@non.net','Employed'),
('RNT000094','Kristen','Bridges','4228326723','elit.Nulla.facilisi@Nunc.edu','Employed'),
('RNT000095','Quail','Russo','2702274044','vulputate@eleifend.org','Employed'),
('RNT000096','Brenna','Cherry','6944002125','magna.Praesent.interdum@tellussem.com','Employed'),
('RNT000097','Gabriel','Sparks','3338578279','vel.turpis@posuerevulputate.co.uk','Employed'),
('RNT000098','Veronica','Owens','9538696704','hendrerit.id.ante@tristique.com','Employed'),
('RNT000099','Katell','Mclean','3526082664','sem@atlacus.com','Employed'),
('RNT000100','Erich','Cobb','2703664746','Aenean.egestas@eunulla.com','Employed'),
('RNT000101','Kay','Barry','2356428613','auctor.odio.a@molestie.ca','Employed'),
('RNT000102','Ishmael','Rhodes','8163918700','turpis.non.enim@Aliquam.ca','Employed'),
('RNT000103','Wing','Cervantes','4903682954','non@porttitortellus.edu','Employed'),
('RNT000104','Evelyn','Pacheco','5899825007','Proin@nibhdolornonummy.com','Employed'),
('RNT000105','Kaseem','Wilkinson','6243451314','cursus@auctorvitae.com','Employed'),
('RNT000106','Shoshana','Brooks','2536390729','elit.sed@non.net','Employed'),
('RNT000107','Ramona','Dominguez','4511028362','diam.Sed.diam@egetipsum.edu','Employed'),
('RNT000108','Kiona','Sandoval','2711792293','egestas@orci.ca','Employed'),
('RNT000109','Wesley','Pugh','5976649922','non.sollicitudin.a@IntegermollisInteger.co.uk','Employed'),
('RNT000110','Jesse','Roach','9187191470','Sed.eget.lacus@rutrumeu.org','Employed'),
('RNT000111','Ariel','Cohen','4269310207','ultrices.iaculis.odio@gravidasagittisDuis.org','Employed'),
('RNT000112','Whilemina','Gaines','1656089439','neque@Quisquelibero.net','Employed'),
('RNT000113','Amity','Sargent','7081426174','ornare.libero@nonmassanon.co.uk','Employed'),
('RNT000114','Robert','Solomon','6546690350','gravida.Praesent.eu@molestieintempus.net','Employed'),
('RNT000115','Chancellor','Mann','9842908574','dolor@pharetraNam.ca','Employed'),
('RNT000116','Colorado','Cameron','5885223057','Donec.consectetuer@sempertellusid.ca','Employed'),
('RNT000117','Destiny','Grant','6738579564','senectus@euismodin.edu','Employed'),
('RNT000118','Zelenia','Blair','9527914548','fringilla@arcuVestibulum.ca','Employed'),
('RNT000119','Xander','Wooten','1502138550','ornare.lectus.justo@gravidanunc.org','Employed'),
('RNT000120','Martena','Shepard','3843314402','velit@massarutrum.ca','Employed'),
('RNT000121','Ulla','Nguyen','9691919112','fames.ac@purusac.ca','Employed'),
('RNT000122','Alana','Spence','2239956625','Ut@aodiosemper.edu','Employed'),
('RNT000123','Brianna','Moore','9848299071','lobortis.Class@elitNulla.edu','Employed'),
('RNT000124','Vera','Wilson','7505577889','sem.molestie.sodales@mauris.net','Employed'),
('RNT000125','Wayne','Rivera','8034499694','a.scelerisque.sed@Sedeu.co.uk','Employed'),
('RNT000126','Armando','Shaffer','6926628001','tempor@Lorem.org','Employed'),
('RNT000127','Sebastian','Keller','8709990159','ante@egetlaoreet.com','Employed'),
('RNT000128','Roary','Weiss','6134520109','dolor.Fusce.mi@adipiscing.edu','Employed'),
('RNT000129','Ori','Madden','2683599846','lacus.Mauris@tellus.co.uk','Employed'),
('RNT000130','Hayley','Alford','9806291489','non@rutrumlorem.net','Employed'),
('RNT000131','Noel','Griffith','7296240689','eros.nec.tellus@lectus.co.uk','Employed'),
('RNT000132','Carissa','Burnett','8391851990','pede.ac@dignissimmagnaa.co.uk','Employed'),
('RNT000133','Sloane','Wolf','8671626823','semper@Integertincidunt.com','Employed'),
('RNT000134','Claire','Moss','1846752326','dolor.elit@ut.com','Employed'),
('RNT000135','Randall','Cain','4926142312','Suspendisse.tristique.neque@Aliquamerat.ca','Employed'),
('RNT000136','Shelly','Hardy','4353391461','lorem.luctus@Loremipsum.co.uk','Employed'),
('RNT000137','Leilani','Ware','9873564017','in.tempus@diamatpretium.net','Employed'),
('RNT000138','Brendan','Beard','1217639773','lacus.pede@Naminterdumenim.com','Employed'),
('RNT000139','Jenna','Carroll','4323962885','vitae.erat@interdumNunc.ca','Employed'),
('RNT000140','Vance','Mathis','8003003000','et@turpisegestas.edu','Employed'),
('RNT000141','Emerson','Pittman','3923445245','interdum.Curabitur@mi.com','Employed'),
('RNT000142','Igor','Salinas','6294715102','semper.Nam.tempor@sollicitudincommodo.ca','Employed'),
('RNT000143','Medge','Britt','7394326952','lorem.eu.metus@Quisquepurussapien.ca','Employed'),
('RNT000144','Ariana','Barrera','7858926679','nisi.sem.semper@ligulaDonec.org','Employed'),
('RNT000145','Burke','Fernandez','7115835355','eros.Nam@quam.edu','Employed'),
('RNT000146','Melissa','Villarreal','5232744694','facilisis@aliquetsemut.com','Employed'),
('RNT000147','Myles','Mckenzie','8975175267','Nam.nulla@ipsumac.net','Employed'),
('RNT000148','Zachary','Rasmussen','6432410790','Curabitur@lacusvestibulumlorem.net','Employed'),
('RNT000149','Vivien','Norris','3413118736','aliquam.eu@sitametultricies.net','Employed'),
('RNT000150','Selma','Wilson','3875093937','ridiculus@mattissemper.edu','Employed'),
('RNT000151','Nina','Lowe','9767157827','augue.scelerisque@semperrutrumFusce.org','Employed'),
('RNT000152','Ainsley','Schwartz','7569399146','cursus@lectuspede.net','Employed'),
('RNT000153','Charissa','Sosa','5672370326','suscipit.nonummy@elitNulla.com','Employed'),
('RNT000154','Logan','Cameron','3883469722','Duis.dignissim@Phasellus.net','Employed'),
('RNT000155','Thaddeus','Daniels','8903844266','euismod@tinciduntadipiscingMauris.co.uk','Employed'),
('RNT000156','Quintessa','Shepherd','9007035693','ante.bibendum.ullamcorper@montesnascetur.net','Employed'),
('RNT000157','Mia','Snyder','8785163019','at.fringilla@Phasellus.org','Employed'),
('RNT000158','Charissa','Roth','2297366353','justo.Praesent.luctus@consectetueradipiscing.edu','Employed'),
('RNT000159','Uriel','Hardy','4358239142','ut.erat.Sed@erat.edu','Employed'),
('RNT000160','Alexis','Reilly','9821360402','Praesent@eget.ca','Employed'),
('RNT000161','Beau','Shepherd','4633373131','iaculis.quis.pede@vel.org','Employed'),
('RNT000162','Robert','Harper','7494609120','Aliquam@cursus.ca','Employed'),
('RNT000163','Kim','Moody','8982240069','feugiat@enim.edu','Employed'),
('RNT000164','Quentin','Wolfe','5739399407','euismod.est@tinciduntaliquamarcu.ca','Employed'),
('RNT000165','Alexis','Conway','3292004030','elit.pretium@fringillaeuismod.org','Employed'),
('RNT000166','Evan','Pierce','7193357045','Phasellus.in@ridiculus.co.uk','Employed'),
('RNT000167','Michael','Mercer','9084431827','sem.consequat@atfringilla.co.uk','Employed'),
('RNT000168','Scott','Fry','5326487213','Pellentesque.habitant.morbi@justo.org','Unemployed'),
('RNT000169','Iona','Dodson','5394691319','Nullam@sociis.edu','Unemployed'),
('RNT000170','Magee','Carver','7771190541','Mauris@dignissimtemporarcu.net','Unemployed'),
('RNT000171','Alika','Duke','8802347155','consectetuer.mauris.id@non.co.uk','Unemployed'),
('RNT000172','Deirdre','Daugherty','1347134495','libero@utquamvel.com','Unemployed'),
('RNT000173','Boris','Montgomery','1025136172','eros.turpis.non@non.ca','Unemployed'),
('RNT000174','Karen','Beach','6808114656','sit.amet@sit.net','Unemployed'),
('RNT000175','Kelsie','Dean','1948013188','ornare.lectus.justo@odiovelest.co.uk','Unemployed'),
('RNT000176','Nasim','Palmer','1513652295','dui.Suspendisse.ac@tellus.org','Unemployed'),
('RNT000177','Abraham','Walter','4017693567','et@sitametlorem.edu','Student'),
('RNT000178','Tad','Baird','8591039434','mattis.velit@condimentum.ca','Student'),
('RNT000179','Solomon','Brewer','4424985955','et@quisturpis.ca','Student'),
('RNT000180','Ramona','Knowles','3559440685','erat.volutpat@adlitoratorquent.com','Student'),
('RNT000181','Matthew','Kent','9099936873','aliquet.libero.Integer@condimentumegetvolutpat.edu','Student'),
('RNT000182','Clio','Cherry','4023635014','Morbi.accumsan@nisisemsemper.com','Student'),
('RNT000183','Charissa','Melton','4929914652','lorem.auctor@cursus.org','Student'),
('RNT000184','Conan','Blackwell','9321085643','facilisis.eget.ipsum@tellusAeneanegestas.org','Student'),
('RNT000185','Rudyard','Lindsay','1289596842','Nunc@ametnullaDonec.ca','Student'),
('RNT000186','Mira','Ramirez','2994204409','Cras.interdum.Nunc@neque.co.uk','Student'),
('RNT000187','Germane','Hernandez','4184058986','id@odio.com','Student'),
('RNT000188','Colorado','Duran','3712934553','id.erat.Etiam@lacinia.co.uk','Student'),
('RNT000189','Ivor','Reese','6686811127','interdum.Nunc@inceptoshymenaeos.co.uk','Student'),
('RNT000190','Elizabeth','Farmer','3642071336','Aliquam@eu.com','Student'),
('RNT000191','Erasmus','Hinton','4468522415','eget.massa.Suspendisse@aceleifendvitae.edu','Student'),
('RNT000192','Remedios','Gill','4896806598','dignissim.Maecenas@egestas.org','Student'),
('RNT000193','Arsenio','Cervantes','4005031505','in.dolor@magnaPhasellus.ca','Student'),
('RNT000194','Rylee','Morin','7037745966','felis.purus.ac@hendreritDonec.net','Student'),
('RNT000195','Rebekah','Oneal','9767135768','ullamcorper@mattisornarelectus.ca','Student'),
('RNT000196','Leonard','Bowman','1254033120','rutrum@utmi.edu','Student'),
('RNT000197','Adara','Snyder','3801198273','Mauris.ut@magnanecquam.edu','Student'),
('RNT000198','Kuame','Farrell','7255020429','enim.Nunc@Suspendissealiquetsem.net','Student'),
('RNT000199','Tashya','Rasmussen','6826670408','nec@posuere.co.uk','Student'),
('RNT000200','Carla','Mills','8245061955','sit.amet@Nulla.com','Student')


INSERT INTO [JustRentIt.Company] VALUES
('CPY000001','Magna Associates','4482107800','a.aliquet.vel@leo.net','www.Magna Associates.com'),
('CPY000002','Id Sapien LLP','4414176896','Quisque.nonummy@et.org','www.Id Sapien LLP.com'),
('CPY000003','Tellus Foundation','6205549358','faucibus.leo.in@mi.com','www.Tellus Foundation.com'),
('CPY000004','Urna Nunc Quis Ltd','7835881617','aptent.taciti.sociosqu@liberoDonec.net','www.Urna Nunc Quis Ltd.com'),
('CPY000005','Velit Associates','8514781241','pharetra.Nam.ac@tinciduntaliquam.org','www.Velit Associates.com'),
('CPY000006','Dolor Quam Elementum Consulting','1543971129','tellus.Nunc@neque.edu','www.Dolor Quam Elementum Consulting.com'),
('CPY000007','Vel Vulputate LLP','7616967844','ut@Aeneaneget.com','www.Vel Vulputate LLP.com'),
('CPY000008','Massa Vestibulum Corporation','5463763364','Quisque.porttitor@Cumsociis.edu','www.Massa Vestibulum Corporation.com'),
('CPY000009','Nam Tempor Diam Ltd','1604126927','sem@antedictumcursus.org','www.Nam Tempor Diam Ltd.com'),
('CPY000010','Ullamcorper PC','2926559765','semper@maurisMorbi.ca','www.Ullamcorper PC.com'),
('CPY000011','A Mi LLC','5773856717','lorem@Naminterdumenim.net','www.A Mi LLC.com'),
('CPY000012','Dolor Sit Amet Industries','2843441726','felis.Donec@tinciduntadipiscing.ca','www.Dolor Sit Amet Industries.com'),
('CPY000013','Duis Cursus LLC','1528235556','posuere.cubilia@nislMaecenasmalesuada.co.uk','www.Duis Cursus LLC.com'),
('CPY000014','Sed Nec Metus Institute','1572453940','vestibulum.massa.rutrum@egestas.net','www.Sed Nec Metus Institute.com'),
('CPY000015','Lorem Sit Foundation','5595836145','leo.Cras.vehicula@vitae.net','www.Lorem Sit Foundation.com'),
('CPY000016','Etiam Imperdiet Dictum PC','4641241275','Donec@lobortis.edu','www.Etiam Imperdiet Dictum PC.com'),
('CPY000017','Hymenaeos Mauris PC','7577393121','nulla.at@Curabiturvel.com','www.Hymenaeos Mauris PC.com'),
('CPY000018','Libero Inc.','4521568987','hendrerit.consectetuer@magnaCrasconvallis.ca','www.Libero Inc..com'),
('CPY000019','Aplelife','2405679002','aplelife@com','www.aplelife.com');

INSERT INTO [JustRentIt.Own] VALUES
('APT000001','CPY000019'),
('APT000002','CPY000017'),
('APT000003','CPY000018'),
('APT000004','CPY000001'),
('APT000005','CPY000002'),
('APT000006','CPY000003'),
('APT000007','CPY000004'),
('APT000008','CPY000005'),
('APT000009','CPY000006'),
('APT000010','CPY000007'),
('APT000011','CPY000008'),
('APT000012','CPY000009'),
('APT000013','CPY000010'),
('APT000014','CPY000011'),
('APT000015','CPY000012'),
('APT000016','CPY000013'),
('APT000017','CPY000014'),
('APT000018','CPY000015'),
('APT000019','CPY000016')


INSERT INTO [JustRentIt.Employee] VALUES
('EMP000001','APT000001','Kieran','Sosa','3218620970','vitae.mauris.sit@consequatpurusMaecenas.net','Manager'),
('EMP000002','APT000001','Russell','Walter','1719844063','erat@justoProin.org','Accountant'),
('EMP000003','APT000001','Lee','Howard','9322612973','odio.Nam.interdum@duiFuscealiquam.org','Receptionist'),
('EMP000004','APT000002','Brody','Shannon','6187756871','Aenean@nonegestasa.ca','Cleaner'),
('EMP000005','APT000003','Herrod','Roach','1363498007','convallis.in@egestas.ca','Maintenance'),
('EMP000006','APT000004','Lars','Irwin','6317012510','eu.euismod.ac@in.net','Manager'),
('EMP000007','APT000005','Anthony','Albert','8813944595','elit@dapibus.com','Accountant'),
('EMP000008','APT000006','Barry','Morrison','3596886566','sem.vitae@magnaseddui.com','Receptionist'),
('EMP000009','APT000007','Seth','Bonner','3795781752','lacus@Sedmalesuadaaugue.org','Cleaner'),
('EMP000010','APT000008','Lee','Floyd','4394824040','et.netus.et@Nullafacilisi.edu','Maintenance'),
('EMP000011','APT000009','Burton','Bradshaw','3698310702','feugiat.non@mifelisadipiscing.ca','Manager'),
('EMP000012','APT000010','Harrison','Jefferson','5259895698','elit.Etiam.laoreet@non.org','Accountant'),
('EMP000013','APT000011','Abdul','Gilbert','4012248594','ullamcorper.viverra@tellusjustosit.edu','Receptionist'),
('EMP000014','APT000012','Cruz','Wiggins','3747749984','Integer@fermentum.net','Cleaner'),
('EMP000015','APT000013','Jeremy','Floyd','8669785676','non.lobortis@erat.co.uk','Maintenance'),
('EMP000016','APT000014','Lyle','Mccullough','2587050922','ullamcorper.nisl.arcu@lobortisquam.co.uk','Assistant'),
('EMP000017','APT000015','Darius','Russell','8018989687','aliquet.odio.Etiam@ridiculusmus.edu','Office'),
('EMP000018','APT000016','Nero','Jensen','9684681570','enim@et.com','Cleaner'),
('EMP000019','APT000017','Henry','Brock','1626261490','lacinia.at@velnisl.net','Maintenance'),
('EMP000020','APT000018','Peter','Gross','5327649751','tempor@aliquam.org','Manager'),
('EMP000021','APT000005','Neil','Ramirez','4756510657','malesuada.vel@sedsapien.co.uk','Accountant'),
('EMP000022','APT000006','Jasper','Osborne','3508029813','lorem.ac.risus@molestieSed.com','Receptionist'),
('EMP000023','APT000005','Zeus','Soto','3508573300','purus.ac@eratvolutpatNulla.com','Cleaner'),
('EMP000024','APT000006','Paki','Roman','2382143478','lacinia@idlibero.edu','Maintenance'),
('EMP000025','APT000007','Byron','Randolph','3366256487','ut@nondapibusrutrum.net','Assistant'),
('EMP000026','APT000005','Burton','Dodson','8094369652','non.arcu.Vivamus@interdumNuncsollicitudin.ca','Office'),
('EMP000027','APT000006','Vernon','Horton','6162061907','sapien.Aenean.massa@ultriciesornareelit.net','Maintenance'),
('EMP000028','APT000007','Lyle','Black','5312147134','eget.laoreet.posuere@Duis.net','Manager'),
('EMP000029','APT000008','Branden','Hubbard','9572848160','pellentesque@diamProindolor.edu','Accountant'),
('EMP000030','APT000009','Cullen','Francis','3296452678','ipsum.primis.in@gravidasit.ca','Receptionist'),
('EMP000031','APT000010','Neville','Sandoval','3001882416','Maecenas.iaculis.aliquet@diamProin.net','Cleaner'),
('EMP000032','APT000001','Tarik','Haley','9109755621','erat.volutpat@euodiotristique.edu','Maintenance'),
('EMP000033','APT000002','Herrod','Weeks','3129227371','euismod.et.commodo@enim.ca','Assistant'),
('EMP000034','APT000003','Sean','Rhodes','5484262069','ipsum.Suspendisse.sagittis@risusquis.co.uk','Office'),
('EMP000035','APT000004','Lee','Hewitt','8241034291','tincidunt.tempus.risus@Pellentesquetincidunttempus.net','Cleaner'),
('EMP000036','APT000007','Zephania','Gallegos','2382454364','Vivamus.non.lorem@ridiculusmusDonec.ca','Maintenance'),
('EMP000037','APT000008','Kennedy','Fulton','5222701818','auctor.odio.a@Aliquam.ca','Manager'),
('EMP000038','APT000009','Walker','Lambert','1111725225','cursus@urna.edu','Accountant'),
('EMP000039','APT000010','Paki','Dalton','8161106106','eu.ultrices@euneque.net','Receptionist'),
('EMP000040','APT000006','Ishmael','Potter','1434974258','a.ultricies@lacusQuisque.net','Cleaner'),
('EMP000041','APT000007','Elijah','Hopper','1515004138','ipsum.cursus@feugiatSednec.ca','Maintenance'),
('EMP000042','APT000008','Drew','Perez','5404552011','mollis.non@dictumProineget.ca','Assistant'),
('EMP000043','APT000009','Brady','Powell','4455597207','rutrum.eu.ultrices@risusNunc.co.uk','Office'),
('EMP000044','APT000010','Tobias','Case','5649958206','arcu.Sed.et@sed.ca','Accountant'),
('EMP000045','APT000011','Preston','Baxter','1389778952','Quisque.tincidunt.pede@Integer.net','Receptionist'),
('EMP000046','APT000012','Craig','Witt','5909973304','non.egestas@mi.ca','Cleaner'),
('EMP000047','APT000013','Raphael','Britt','1862657257','enim.Curabitur.massa@augueeu.edu','Maintenance'),
('EMP000048','APT000005','Kibo','William','4713170351','eget.nisi.dictum@vestibulum.net','Assistant'),
('EMP000049','APT000006','Jelani','Whitley','5483623329','mi@nec.edu','Office'),
('EMP000050','APT000007','Magee','Bond','7644496722','nonummy@dignissimlacus.ca','Maintenance'),
('EMP000051','APT000008','Jermaine','Flowers','2165634240','elit@parturient.co.uk','Manager'),
('EMP000052','APT000009','Dylan','Castillo','6128372035','molestie.tortor@enimcondimentum.com','Accountant'),
('EMP000053','APT000010','Walker','Douglas','6855740029','Sed@pulvinar.ca','Receptionist'),
('EMP000054','APT000011','Derek','Freeman','8539863176','augue.ut@quama.net','Cleaner'),
('EMP000055','APT000012','Nathaniel','Parrish','1643906063','magna.Nam@nuncinterdumfeugiat.edu','Maintenance'),
('EMP000056','APT000013','Nicholas','Campos','6517777646','eu@adlitora.com','Assistant'),
('EMP000057','APT000014','Stuart','Alexander','6458735697','tristique.ac@Mauris.org','Office'),
('EMP000058','APT000015','Richard','Joyner','6802816485','aliquet@malesuadavel.edu','Manager'),
('EMP000059','APT000016','Salvador','Valdez','5427442690','sociis.natoque.penatibus@leo.com','Accountant'),
('EMP000060','APT000017','Mason','Levine','8621896363','et.arcu@auctor.org','Receptionist'),
('EMP000061','APT000018','Kareem','Chan','3539282860','lorem.Donec.elementum@enimcommodohendrerit.edu','Cleaner'),
('EMP000062','APT000019','Randall','Tucker','3765402184','orci@etultrices.edu','Maintenance'),
('EMP000063','APT000006','Michael','Marsh','9575230877','mauris@DonecnibhQuisque.net','Manager'),
('EMP000064','APT000007','Cairo','Hinton','4986333788','Fusce.fermentum.fermentum@Aliquamornarelibero.org','Accountant'),
('EMP000065','APT000008','Sebastian','Padilla','1042488211','nulla.In@In.net','Receptionist'),
('EMP000066','APT000009','Chandler','Mathis','2651556519','a.tortor.Nunc@egetmagnaSuspendisse.com','Cleaner'),
('EMP000067','APT000010','Kasper','Winters','9173980440','elit@egettincidunt.net','Maintenance'),
('EMP000068','APT000006','Edward','Peterson','4261559845','magna.malesuada.vel@eratVivamusnisi.com','Manager'),
('EMP000069','APT000005','Jin','Collins','1187347469','aliquet.sem.ut@perinceptos.net','Accountant'),
('EMP000070','APT000001','Colorado','Bird','4882344463','cursus@etliberoProin.com','Receptionist'),
('EMP000071','APT000002','Kieran','Soto','6981554516','id@inmolestietortor.net','Cleaner'),
('EMP000072','APT000003','Knox','Wade','7655125644','ut.pharetra@Integer.org','Maintenance'),
('EMP000073','APT000004','Caesar','Beach','2983978966','id.mollis.nec@Cras.com','Assistant'),
('EMP000074','APT000018','Vance','Drake','8279283733','faucibus@pedeNuncsed.net','Office'),
('EMP000075','APT000019','Samuel','Maddox','4096570273','quis.urna@enimSed.com','Cleaner'),
('EMP000076','APT000006','Leroy','Nicholson','7423535578','eu.placerat@egestas.net','Maintenance'),
('EMP000077','APT000007','Alfonso','Pace','7681109011','erat@Namconsequat.com','Manager'),
('EMP000078','APT000008','Walker','Campbell','1939313018','feugiat.placerat@vitaerisusDuis.ca','Accountant'),
('EMP000079','APT000015','Ian','Vang','6203080693','orci.Ut.sagittis@loremluctus.co.uk','Receptionist'),
('EMP000080','APT000016','Merritt','Burton','3815316111','elementum@In.com','Cleaner'),
('EMP000081','APT000006','Dennis','James','2357158958','Donec.sollicitudin.adipiscing@neque.co.uk','Maintenance'),
('EMP000082','APT000007','Lee','Humphrey','7867231424','ornare@luctuslobortis.ca','Assistant'),
('EMP000083','APT000008','Beau','Bush','4895776869','eu@volutpatNullafacilisis.edu','Office'),
('EMP000084','APT000009','Otto','Mendoza','1382018072','orci.lobortis@placerat.com','Maintenance'),
('EMP000085','APT000010','Beck','Russell','6444784741','sagittis.placerat.Cras@vellectus.net','Manager'),
('EMP000086','APT000011','Jesse','Burris','6036294968','molestie.in.tempus@risusat.net','Accountant'),
('EMP000087','APT000009','Griffin','Chang','1659785656','semper.pretium@augueut.org','Receptionist'),
('EMP000088','APT000010','Benedict','Rivers','2346547779','magna.Ut@diamProindolor.net','Cleaner'),
('EMP000089','APT000006','Hakeem','Hampton','8178796227','vitae@at.net','Maintenance'),
('EMP000090','APT000005','Zachary','Best','7669524439','ac.turpis.egestas@nonleoVivamus.ca','Assistant'),
('EMP000091','APT000014','Declan','Pope','1554107004','Donec.fringilla@habitantmorbi.co.uk','Office'),
('EMP000092','APT000015','Ivan','Park','6669331724','sollicitudin.orci@interdumlibero.edu','Cleaner'),
('EMP000093','APT000016','Hyatt','Rocha','2826623116','Quisque.ac.libero@Fuscealiquamenim.net','Maintenance'),
('EMP000094','APT000009','Aquila','Butler','1391737628','tempor@nibhsit.edu','Manager'),
('EMP000095','APT000010','Eagan','Duran','7657819216','quam.Pellentesque@Etiamlaoreet.edu','Accountant'),
('EMP000096','APT000011','Walter','Walter','9393245323','augue.id@iaculisquis.net','Receptionist'),
('EMP000097','APT000009','Avram','Rose','6615021467','Maecenas.iaculis.aliquet@sed.edu','Cleaner'),
('EMP000098','APT000010','Abel','Kane','8526919435','Proin@luctus.net','Maintenance'),
('EMP000099','APT000006','Caleb','Douglas','7882804433','sed.dictum@Integermollis.net','Assistant'),
('EMP000100','APT000005','Uriel','Walton','8872685740','nulla.In@ProinvelitSed.net','Office')




INSERT INTO [JustRentIt.Room] VALUES
('ROM000001','APT000001','Studio',1619.00,'furnished'),
('ROM000002','APT000002','1B1B',1757.00,'unfurnished'),
('ROM000003','APT000005','2B2B',2230.00,'unfurnished'),
('ROM000004','APT000019','3B3B',3050.00,'furnished'),
('ROM000005','APT000001','Studio',1360.00,'furnished'),
('ROM000006','APT000002','1B1B',1670.00,'unfurnished'),
('ROM000007','APT000019','2B2B',2120.00,'unfurnished'),
('ROM000008','APT000004','3B3B',3060.00,'unfurnished'),
('ROM000009','APT000005','Studio',1650.00,'furnished'),
('ROM000010','APT000011','2B2B',1822.00,'unfurnished'),
('ROM000011','APT000012','2B2B',2300.00,'furnished'),
('ROM000012','APT000002','3B3B',2226.00,'unfurnished'),
('ROM000013','APT000019','Studio',2592.00,'furnished'),
('ROM000014','APT000002','1B1B',1729.00,'unfurnished'),
('ROM000015','APT000003','2B2B',2918.00,'furnished'),
('ROM000016','APT000004','3B3B',4676.00,'unfurnished'),
('ROM000017','APT000005','2B2B',3759.00,'furnished'),
('ROM000018','APT000011','2B2B',1700.00,'unfurnished'),
('ROM000019','APT000012','2B2B',1930.00,'furnished'),
('ROM000020','APT000013','3B3B',2780.00,'unfurnished'),
('ROM000021','APT000014','Studio',1615.00,'furnished'),
('ROM000022','APT000015','1B1B',1190.00,'unfurnished'),
('ROM000023','APT000016','2B2B',1800.00,'furnished'),
('ROM000024','APT000017','2B2B',1620.00,'unfurnished'),
('ROM000025','APT000018','2B2B',2100.00,'furnished'),
('ROM000026','APT000019','1B1B',1300.00,'unfurnished'),
('ROM000027','APT000001','2B2B',2300.00,'furnished'),
('ROM000028','APT000002','3B3B',3000.00,'unfurnished'),
('ROM000029','APT000003','Studio',1860.00,'furnished'),
('ROM000030','APT000004','2B2B',1620.00,'unfurnished'),
('ROM000031','APT000005','2B2B',2300.00,'furnished'),
('ROM000032','APT000019','3B3B',2687.00,'unfurnished'),
('ROM000033','APT000001','3B3B',3799.00,'furnished'),
('ROM000034','APT000002','2B2B',1899.00,'unfurnished'),
('ROM000035','APT000019','2B2B',2199.00,'furnished'),
('ROM000036','APT000001','2B2B',2099.00,'furnished'),
('ROM000037','APT000002','Studio',1799.00,'furnished'),
('ROM000038','APT000008','1B1B',1360.00,'furnished'),
('ROM000039','APT000009','2B2B',1410.00,'furnished'),
('ROM000040','APT000010','3B3B',3100.00,'unfurnished'),
('ROM000041','APT000011','Studio',1800.00,'furnished'),
('ROM000042','APT000012','2B2B',2970.00,'furnished'),
('ROM000043','APT000013','2B2B',1980.00,'unfurnished'),
('ROM000044','APT000014','3B3B',3299.00,'furnished'),
('ROM000045','APT000019','Studio',1956.00,'furnished'),
('ROM000046','APT000001','1B1B',1729.00,'unfurnished'),
('ROM000047','APT000002','2B2B',2050.00,'furnished'),
('ROM000048','APT000011','3B3B',2790.00,'furnished'),
('ROM000049','APT000012','2B2B',2540.00,'furnished'),
('ROM000050','APT000018','2B2B',2190.00,'furnished'),
('ROM000051','APT000019','3B3B',3100.00,'unfurnished'),
('ROM000052','APT000006','Studio',1100.00,'unfurnished'),
('ROM000053','APT000019','2B2B',1980.00,'furnished'),
('ROM000054','APT000001','2B2B',1680.00,'unfurnished'),
('ROM000055','APT000002','2B2B',2199.00,'furnished'),
('ROM000056','APT000015','3B3B',2999.00,'unfurnished'),
('ROM000057','APT000016','Studio',1350.00,'furnished'),
('ROM000058','APT000011','1B1B',1400.00,'unfurnished'),
('ROM000059','APT000012','2B2B',1899.00,'unfurnished'),
('ROM000060','APT000018','Studio',1200.00,'unfurnished'),
('ROM000061','APT000019','1B1B',1350.00,'unfurnished'),
('ROM000062','APT000006','2B2B',2155.00,'furnished'),
('ROM000063','APT000011','2B2B',1670.00,'unfurnished'),
('ROM000064','APT000012','2B2B',2100.00,'furnished'),
('ROM000065','APT000008','3B3B',3899.00,'furnished'),
('ROM000066','APT000009','Studio',950.00,'unfurnished'),
('ROM000067','APT000010','2B2B',1955.00,'furnished'),
('ROM000068','APT000011','3B3B',2790.00,'unfurnished'),
('ROM000069','APT000012','Studio',1250.00,'unfurnished'),
('ROM000070','APT000012','Studio',1750.00,'furnished'),
('ROM000071','APT000008','1B1B',1650.00,'unfurnished'),
('ROM000072','APT000009','3B3B',2799.00,'unfurnished'),
('ROM000073','APT000010','Studio',1189.00,'unfurnished'),
('ROM000074','APT000011','1B1B',1408.00,'furnished'),
('ROM000075','APT000012','3B3B',3100.00,'unfurnished'),
('ROM000076','APT000018','Studio',1087.00,'unfurnished'),
('ROM000077','APT000019','3B3B',2977.00,'unfurnished'),
('ROM000078','APT000006','Studio',1275.00,'furnished'),
('ROM000079','APT000007','1B1B',1425.00,'unfurnished'),
('ROM000080','APT000008','3B3B',2977.00,'unfurnished'),
('ROM000081','APT000009','Studio',1855.00,'furnished'),
('ROM000082','APT000010','1B1B',1350.00,'unfurnished'),
('ROM000083','APT000011','3B3B',3100.00,'unfurnished'),
('ROM000084','APT000012','Studio',1421.00,'unfurnished'),
('ROM000085','APT000013','1B1B',1755.00,'furnished'),
('ROM000086','APT000003','2B2B',2026.00,'unfurnished'),
('ROM000087','APT000004','3B3B',3109.00,'furnished'),
('ROM000088','APT000005','2B2B',1980.00,'unfurnished'),
('ROM000089','APT000006','2B2B',1890.00,'unfurnished'),
('ROM000090','APT000007','2B2B',1967.00,'unfurnished'),
('ROM000091','APT000008','Studio',1839.00,'furnished'),
('ROM000092','APT000009','1B1B',2098.00,'unfurnished'),
('ROM000093','APT000010','2B2B',1505.00,'unfurnished'),
('ROM000094','APT000003','2B2B',1640.00,'unfurnished'),
('ROM000095','APT000004','3B3B',3430.00,'furnished'),
('ROM000096','APT000005','Studio',1360.00,'unfurnished'),
('ROM000097','APT000006','2B2B',1589.00,'unfurnished'),
('ROM000098','APT000007','3B3B',2977.00,'unfurnished'),
('ROM000099','APT000008','Studio',1270.00,'furnished'),
('ROM000100','APT000009','3B3B',3100.00,'unfurnished');





INSERT INTO [JustRentIt.Lease] VALUES
('LEASE0001','CPY000019','ROM000001','RNT000001',1619,3238,'2019-07-19','2019-07-26','2020-07-25'),
('LEASE0002','CPY000017','ROM000002','RNT000002',1757,3514,'2019-08-03','2019-08-10','2020-08-09'),
('LEASE0003','CPY000002','ROM000003','RNT000003',2230,4460,'2019-08-22','2019-08-29','2020-08-28'),
('LEASE0004','CPY000016','ROM000004','RNT000004',1960,3920,'2019-06-16','2019-06-23','2020-06-22'),
('LEASE0005','CPY000019','ROM000005','RNT000005',3050,6100,'2019-07-09','2019-07-16','2020-07-15'),
('LEASE0006','CPY000017','ROM000006','RNT000006',1670,3340,'2019-10-07','2019-10-14','2020-10-13'),
('LEASE0007','CPY000016','ROM000007','RNT000007',2120,4240,'2019-09-01','2019-09-08','2020-09-07'),
('LEASE0008','CPY000001','ROM000008','RNT000008',1405,2810,'2019-08-11','2019-08-18','2020-08-17'),
('LEASE0009','CPY000002','ROM000009','RNT000009',1650,3300,'2019-07-04','2019-07-11','2020-07-10'),
('LEASE0010','CPY000008','ROM000010','RNT000010',1522,3044,'2019-07-02','2019-07-09','2020-07-08'),
('LEASE0011','CPY000009','ROM000011','RNT000013',1760,3520,'2019-10-16','2019-10-23','2020-10-22'),
('LEASE0012','CPY000017','ROM000012','RNT000014',2226,4452,'2019-08-18','2019-08-25','2020-08-24'),
('LEASE0013','CPY000016','ROM000013','RNT000015',2592,5184,'2019-09-27','2019-10-04','2020-10-03'),
('LEASE0014','CPY000017','ROM000014','RNT000016',1729,3458,'2019-08-14','2019-08-21','2020-08-20'),
('LEASE0015','CPY000018','ROM000015','RNT000017',2918,5836,'2019-10-11','2019-10-18','2020-10-17'),
('LEASE0016','CPY000001','ROM000016','RNT000018',3757,7514,'2019-07-03','2019-07-10','2020-07-09'),
('LEASE0017','CPY000002','ROM000017','RNT000019',4676,9352,'2019-10-23','2019-10-30','2020-10-29'),
('LEASE0018','CPY000008','ROM000018','RNT000020',1190,2380,'2019-10-13','2019-10-20','2020-10-19'),
('LEASE0019','CPY000009','ROM000019','RNT000021',1480,2960,'2019-07-10','2019-07-17','2020-07-16'),
('LEASE0020','CPY000010','ROM000020','RNT000022',1365,2730,'2019-06-10','2019-06-17','2020-06-16'),
('LEASE0021','CPY000011','ROM000021','RNT000023',1615,3230,'2019-09-19','2019-09-26','2020-09-25'),
('LEASE0022','CPY000012','ROM000022','RNT000024',1945,3890,'2019-06-21','2019-06-28','2020-06-27'),
('LEASE0023','CPY000013','ROM000023','RNT000025',1227,2454,'2019-09-08','2019-09-15','2020-09-14'),
('LEASE0024','CPY000014','ROM000024','RNT000026',1430,2860,'2019-07-10','2019-07-17','2020-07-16'),
('LEASE0025','CPY000015','ROM000025','RNT000030',1735,3470,'2019-08-08','2019-08-15','2020-08-14'),
('LEASE0026','CPY000016','ROM000026','RNT000031',1959,3918,'2019-09-23','2019-09-30','2020-09-29'),
('LEASE0027','CPY000019','ROM000027','RNT000032',1410,2820,'2019-10-03','2019-10-10','2020-10-09'),
('LEASE0028','CPY000017','ROM000028','RNT000033',1660,3320,'2019-10-23','2019-10-30','2020-10-29'),
('LEASE0029','CPY000018','ROM000029','RNT000034',1860,3720,'2019-08-07','2019-08-14','2020-08-13'),
('LEASE0030','CPY000001','ROM000030','RNT000035',1620,3240,'2019-09-02','2019-09-09','2020-09-08'),
('LEASE0031','CPY000002','ROM000031','RNT000036',1765,3530,'2019-10-06','2019-10-13','2020-10-12'),
('LEASE0032','CPY000016','ROM000032','RNT000037',2075,4150,'2019-06-08','2019-06-15','2020-06-14'),
('LEASE0033','CPY000019','ROM000033','RNT000038',2830,5660,'2019-10-09','2019-10-16','2020-10-15'),
('LEASE0034','CPY000017','ROM000034','RNT000039',1499,2998,'2019-06-07','2019-06-14','2020-06-13'),
('LEASE0035','CPY000016','ROM000035','RNT000040',1699,3398,'2019-07-02','2019-07-09','2020-07-08'),
('LEASE0036','CPY000019','ROM000036','RNT000041',1205,2410,'2019-08-28','2019-09-04','2020-09-03'),
('LEASE0037','CPY000017','ROM000037','RNT000042',1405,2810,'2019-09-29','2019-10-06','2020-10-05'),
('LEASE0038','CPY000005','ROM000038','RNT000043',1050,2100,'2019-06-16','2019-06-23','2020-06-22'),
('LEASE0039','CPY000006','ROM000039','RNT000044',1410,2820,'2019-07-04','2019-07-11','2020-07-10'),
('LEASE0040','CPY000007','ROM000040','RNT000045',1685,3370,'2019-08-05','2019-08-12','2020-08-11'),
('LEASE0041','CPY000008','ROM000041','RNT000049',2438,4876,'2019-06-09','2019-06-16','2020-06-15'),
('LEASE0042','CPY000009','ROM000042','RNT000050',4036,8072,'2019-06-26','2019-07-03','2020-07-02'),
('LEASE0043','CPY000010','ROM000043','RNT000051',1299,2598,'2019-08-16','2019-08-23','2020-08-22'),
('LEASE0044','CPY000011','ROM000044','RNT000052',1498,2996,'2019-09-25','2019-10-02','2020-10-01'),
('LEASE0045','CPY000016','ROM000045','RNT000053',2156,4312,'2019-10-29','2019-11-05','2020-11-04'),
('LEASE0046','CPY000019','ROM000046','RNT000054',1625,3250,'2019-06-22','2019-06-29','2020-06-28'),
('LEASE0047','CPY000017','ROM000047','RNT000055',2050,4100,'2019-06-19','2019-06-26','2020-06-25'),
('LEASE0048','CPY000008','ROM000048','RNT000056',2790,5580,'2019-09-09','2019-09-16','2020-09-15'),
('LEASE0049','CPY000009','ROM000049','RNT000057',3560,7120,'2019-10-21','2019-10-28','2020-10-27'),
('LEASE0050','CPY000015','ROM000050','RNT000058',1225,2450,'2019-08-16','2019-08-23','2020-08-22'),
('LEASE0051','CPY000016','ROM000051','RNT000059',1225,2450,'2019-07-16','2019-07-23','2020-07-22'),
('LEASE0052','CPY000003','ROM000052','RNT000060',1100,2200,'2019-06-23','2019-06-30','2020-06-29'),
('LEASE0053','CPY000016','ROM000053','RNT000061',1380,2760,'2019-09-23','2019-09-30','2020-09-29'),
('LEASE0054','CPY000019','ROM000054','RNT000062',2900,5800,'2019-09-19','2019-09-26','2020-09-25'),
('LEASE0055','CPY000017','ROM000055','RNT000063',3200,6400,'2019-09-23','2019-09-30','2020-09-29'),
('LEASE0056','CPY000012','ROM000056','RNT000064',1350,2700,'2019-10-19','2019-10-26','2020-10-25'),
('LEASE0057','CPY000013','ROM000057','RNT000078',1350,2700,'2019-09-07','2019-09-14','2020-09-13'),
('LEASE0058','CPY000008','ROM000058','RNT000079',1400,2800,'2019-06-22','2019-06-29','2020-06-28'),
('LEASE0059','CPY000009','ROM000059','RNT000080',1210,2420,'2019-08-20','2019-08-27','2020-08-26'),
('LEASE0060','CPY000015','ROM000060','RNT000081',1200,2400,'2019-06-26','2019-07-03','2020-07-02'),
('LEASE0061','CPY000016','ROM000061','RNT000082',1350,2700,'2019-06-29','2019-07-06','2020-07-05'),
('LEASE0062','CPY000003','ROM000062','RNT000083',1150,2300,'2019-07-30','2019-08-06','2020-08-05'),
('LEASE0063','CPY000008','ROM000063','RNT000084',2570,5140,'2019-08-03','2019-08-10','2020-08-09'),
('LEASE0064','CPY000009','ROM000064','RNT000085',1335,2670,'2019-06-22','2019-06-29','2020-06-28'),
('LEASE0065','CPY000005','ROM000065','RNT000086',1655,3310,'2019-09-17','2019-09-24','2020-09-23'),
('LEASE0066','CPY000006','ROM000066','RNT000087',950,1900,'2019-07-05','2019-07-12','2020-07-11'),
('LEASE0067','CPY000007','ROM000067','RNT000088',1150,2300,'2019-10-09','2019-10-16','2020-10-15'),
('LEASE0068','CPY000008','ROM000068','RNT000089',1638,3276,'2019-06-27','2019-07-04','2020-07-03'),
('LEASE0069','CPY000009','ROM000069','RNT000090',1415,2830,'2019-06-29','2019-07-06','2020-07-05'),
('LEASE0070','CPY000009','ROM000070','RNT000091',1705,3410,'2019-08-19','2019-08-26','2020-08-25'),
('LEASE0071','CPY000005','ROM000071','RNT000092',2155,4310,'2019-08-03','2019-08-10','2020-08-09'),
('LEASE0072','CPY000006','ROM000072','RNT000093',1008,2016,'2019-09-20','2019-09-27','2020-09-26'),
('LEASE0073','CPY000007','ROM000073','RNT000094',1189,2378,'2019-07-06','2019-07-13','2020-07-12'),
('LEASE0074','CPY000008','ROM000074','RNT000101',1408,2816,'2019-10-20','2019-10-27','2020-10-26'),
('LEASE0075','CPY000009','ROM000075','RNT000102',975,1950,'2019-06-27','2019-07-04','2020-07-03'),
('LEASE0076','CPY000015','ROM000076','RNT000103',1087,2174,'2019-07-26','2019-08-02','2020-08-01'),
('LEASE0077','CPY000016','ROM000077','RNT000104',1345,2690,'2019-07-22','2019-07-29','2020-07-28'),
('LEASE0078','CPY000003','ROM000078','RNT000105',1275,2550,'2019-06-06','2019-06-13','2020-06-12'),
('LEASE0079','CPY000004','ROM000079','RNT000106',1425,2850,'2019-08-19','2019-08-26','2020-08-25'),
('LEASE0080','CPY000005','ROM000080','RNT000107',1650,3300,'2019-09-20','2019-09-27','2020-09-26'),
('LEASE0081','CPY000019','ROM000001','RNT000111',1619,3238,'2019-07-19','2019-07-26','2020-07-25'),
('LEASE0082','CPY000017','ROM000002','RNT000112',1757,3514,'2019-08-03','2019-08-10','2020-08-09'),
('LEASE0083','CPY000002','ROM000003','RNT000113',2230,4460,'2019-08-22','2019-08-29','2020-08-28'),
('LEASE0084','CPY000016','ROM000004','RNT000114',1960,3920,'2019-06-16','2019-06-23','2020-06-22'),
('LEASE0085','CPY000019','ROM000005','RNT000115',3050,6100,'2019-07-09','2019-07-16','2020-07-15'),
('LEASE0086','CPY000017','ROM000006','RNT000116',1670,3340,'2019-10-07','2019-10-14','2020-10-13'),
('LEASE0087','CPY000016','ROM000007','RNT000117',2120,4240,'2019-09-01','2019-09-08','2020-09-07'),
('LEASE0088','CPY000001','ROM000008','RNT000118',1405,2810,'2019-08-11','2019-08-18','2020-08-17'),
('LEASE0089','CPY000002','ROM000009','RNT000119',1650,3300,'2019-07-04','2019-07-11','2020-07-10'),
('LEASE0090','CPY000008','ROM000010','RNT000120',1522,3044,'2019-07-02','2019-07-09','2020-07-08'),
('LEASE0091','CPY000009','ROM000011','RNT000131',1760,3520,'2019-10-16','2019-10-23','2020-10-22'),
('LEASE0092','CPY000017','ROM000012','RNT000132',2226,4452,'2019-08-18','2019-08-25','2020-08-24'),
('LEASE0093','CPY000016','ROM000013','RNT000133',2592,5184,'2019-09-27','2019-10-04','2020-10-03'),
('LEASE0094','CPY000017','ROM000014','RNT000134',1729,3458,'2019-08-14','2019-08-21','2020-08-20'),
('LEASE0095','CPY000018','ROM000015','RNT000135',2918,5836,'2019-10-11','2019-10-18','2020-10-17'),
('LEASE0096','CPY000001','ROM000016','RNT000136',3757,7514,'2019-07-03','2019-07-10','2020-07-09'),
('LEASE0097','CPY000002','ROM000017','RNT000137',4676,9352,'2019-10-23','2019-10-30','2020-10-29'),
('LEASE0098','CPY000008','ROM000018','RNT000138',1190,2380,'2019-10-13','2019-10-20','2020-10-19'),
('LEASE0099','CPY000009','ROM000019','RNT000139',1480,2960,'2019-07-10','2019-07-17','2020-07-16'),
('LEASE0100','CPY000010','ROM000020','RNT000140',1365,2730,'2019-06-10','2019-06-17','2020-06-16'),
('LEASE0101','CPY000011','ROM000021','RNT000141',1615,3230,'2019-09-19','2019-09-26','2020-09-25'),
('LEASE0102','CPY000012','ROM000022','RNT000142',1945,3890,'2019-06-21','2019-06-28','2020-06-27'),
('LEASE0103','CPY000013','ROM000023','RNT000143',1227,2454,'2019-09-08','2019-09-15','2020-09-14'),
('LEASE0104','CPY000014','ROM000024','RNT000144',1430,2860,'2019-07-10','2019-07-17','2020-07-16'),
('LEASE0105','CPY000015','ROM000025','RNT000145',1735,3470,'2019-08-08','2019-08-15','2020-08-14'),
('LEASE0106','CPY000016','ROM000026','RNT000146',1959,3918,'2019-09-23','2019-09-30','2020-09-29'),
('LEASE0107','CPY000019','ROM000027','RNT000147',1410,2820,'2019-10-03','2019-10-10','2020-10-09'),
('LEASE0108','CPY000017','ROM000028','RNT000148',1660,3320,'2019-10-23','2019-10-30','2020-10-29'),
('LEASE0109','CPY000018','ROM000029','RNT000149',1860,3720,'2019-08-07','2019-08-14','2020-08-13'),
('LEASE0110','CPY000001','ROM000030','RNT000150',1620,3240,'2019-09-02','2019-09-09','2020-09-08'),
('LEASE0111','CPY000019','ROM000001','RNT000161',1619,3238,'2020-09-02','2020-09-09','2021-09-09'),
('LEASE0112','CPY000017','ROM000002','RNT000162',1757,3514,'2021-09-02','2021-09-09','2022-09-09'),
('LEASE0113','CPY000002','ROM000003','RNT000163',2230,4460,'2022-09-02','2022-09-09','2023-09-09'),
('LEASE0114','CPY000016','ROM000004','RNT000164',1960,3920,'2023-09-02','2023-09-09','2024-09-08'),
('LEASE0115','CPY000019','ROM000005','RNT000165',3050,6100,'2024-09-02','2024-09-09','2025-09-09'),
('LEASE0116','CPY000017','ROM000006','RNT000166',1670,3340,'2025-09-02','2025-09-09','2026-09-09'),
('LEASE0117','CPY000016','ROM000007','RNT000167',2120,4240,'2026-09-02','2026-09-09','2027-09-09'),
('LEASE0118','CPY000001','ROM000008','RNT000168',1405,2810,'2027-09-02','2027-09-09','2028-09-08'),
('LEASE0119','CPY000002','ROM000009','RNT000169',1650,3300,'2028-09-02','2028-09-09','2029-09-09'),
('LEASE0120','CPY000008','ROM000010','RNT000170',1522,3044,'2029-09-02','2029-09-09','2030-09-09')


INSERT INTO [JustRentIt.Corenter] VALUES
('RNT000001','RNT000047'),
('RNT000002','RNT000048'),
('RNT000003','RNT000049'),
('RNT000004','RNT000050'),
('RNT000005','RNT000056'),
('RNT000006','RNT000057'),
('RNT000007','RNT000058'),
('RNT000008','RNT000059'),
('RNT000009','RNT000060'),
('RNT000010','RNT000061'),
('RNT000011','RNT000062'),
('RNT000013','RNT000063'),
('RNT000014','RNT000064'),
('RNT000015','RNT000065'),
('RNT000016','RNT000066'),
('RNT000017','RNT000067'),
('RNT000018','RNT000068'),
('RNT000019','RNT000069'),
('RNT000020','RNT000070'),
('RNT000021','RNT000071'),
('RNT000022','RNT000072'),
('RNT000023','RNT000073'),
('RNT000024','RNT000074'),
('RNT000025','RNT000075'),
('RNT000026','RNT000076'),
('RNT000027','RNT000077'),
('RNT000034','RNT000078'),
('RNT000035','RNT000079'),
('RNT000036','RNT000080'),
('RNT000037','RNT000081');
